Name,Image URL,Set,Card Number,Price,Site,Release Date
Slowking,,Aquapolis,H22,"$4.78
 $12.99
 $27.69
 $2.39
 $3.99",English,2003-01-15
Slowking,https://den-cards.pokellector.com/407/Slowking.PRE.19.55577.thumb.png,Prismatic Evolutions,19,"$0.01
 $0.35
 $1.61",English,2025-01-17
Slowking (Reverse Holo),,Prismatic Evolutions,19,,English,2025-01-17
Slowking (Poke Ball Holo),,Prismatic Evolutions,19,,English,2025-01-17
Slowking (Master Ball Holo),,Prismatic Evolutions,19,,English,2025-01-17
Slowking,https://den-cards.pokellector.com/400/Slowking.SCR.58.54140.thumb.png,Stellar Crown,58,"$0.01
 $0.25
 $1.30",English,2024-09-13
Slowking (Reverse Holo),,Stellar Crown,58,,English,2024-09-13
Slowking ex,https://den-cards.pokellector.com/367/Slowking-ex.PAL.86.47884.thumb.png,Paldea Evolved,86,"$0.32
 $1.49
 $1.04",English,2023-06-09
Slowking ex,https://den-cards.pokellector.com/367/Slowking-ex.PAL.238.48023.thumb.png,Paldea Evolved,238,"$2.00
 $2.99
 $1.86",English,2023-06-09
Galarian Slowking,https://den-cards.pokellector.com/320/Galarian-Slowking.CRE.98.39094.thumb.png,Chilling Reign,98,"$0.08
 $0.79
 $1.49",English,2021-06-18
Galarian Slowking V,https://den-cards.pokellector.com/320/Galarian-Slowking-V.CRE.99.39095.thumb.png,Chilling Reign,99,"$0.38
 $1.40
 $1.89",English,2021-06-18
Galarian Slowking VMAX,https://den-cards.pokellector.com/320/Galarian-Slowking-VMAX.CRE.100.39096.thumb.png,Chilling Reign,100,"$0.99
 $3.83
 $2.00",English,2021-06-18
Galarian Slowking V,,Chilling Reign,178,"$2.50
 $3.89
 $3.99",English,2021-06-18
Galarian Slowking V,https://den-cards.pokellector.com/320/Galarian-Slowking-V.CRE.179.39166.thumb.png,Chilling Reign,179,"$82.75
 $49.99
 $78.01",English,2021-06-18
Slowking VMAX,https://den-cards.pokellector.com/320/Slowking-VMAX.CRE.207.39231.thumb.png,Chilling Reign,207,"$4.50
 $8.49
 $8.00",English,2021-06-18
Galarian Slowking (Reverse Holo),,Chilling Reign,98,,English,2021-06-18
Galarian Slowking (Galaxy Holo),,Chilling Reign,98,,English,2021-06-18
Slowking,https://den-cards.pokellector.com/259/Slowking.LOT.55.24637.thumb.png,Lost Thunder,55,"$0.49
 $0.59
 $1.29
 $0.05
 $0.49",English,2018-11-02
Slowking (Reverse Holo),,Lost Thunder,55,,English,2018-11-02
Slowking,https://den-cards.pokellector.com/225/Slowking.BSH.48.18429.thumb.png,Burning Shadows,48,"$0.12
 $0.49
 $1.28
 $0.02
 $0.50
 $0.33",English,2017-08-04
Slowking (Reverse Holo),,Burning Shadows,48,,English,2017-08-04
Slowking,https://den-cards.pokellector.com/183/Slowking.BPT.21.thumb.png,BREAKPoint,21,"$0.20
 $1.56
 $1.79
 $0.37
 $0.49",English,2016-02-03
Slowking (Reverse Holo),,BREAKPoint,21,,English,2016-02-03
Slowking (Non Holo),,BREAKPoint,21,,English,2016-02-03
Slowking (Galaxy Holo),,BREAKPoint,21,,English,2016-02-03
Slowking,,Dark Explorers,49,"$1.34
 $1.09
 $1.60
 $1.29
 $0.25
 $0.49",English,2012-05-09
Slowking (Reverse Holo),,Dark Explorers,49,,English,2012-05-09
Slowking,,Call of Legends,32,"$1.04
 $2.49
 $3.49
 $0.25
 $3.79",English,2011-02-09
Slowking (Reverse Holo),,Call of Legends,32,,English,2011-02-09
Slowking,,HS Undaunted,85,"$20.00
 $21.49
 $13.50
 $1.99
 $2.99",English,2010-08-18
Slowking,,HeartGold SoulSilver,12,"$5.84
 $7.79
 $5.99
 $0.99
 $1.19",English,2010-02-10
Slowking (Reverse Holo),,HeartGold SoulSilver,12,,English,2010-02-10
Slowking,,Great Encounters,28,"$0.60
 $2.49
 $2.36
 $0.25
 $1.79",English,2008-02-01
Slowking (Reverse Holo),,Great Encounters,28,,English,2008-02-01
Slowking,,EX Delta Species,28,"$1.58
 $1.79
 $10.00
 $0.25
 $2.95",English,2005-10-31
Slowking (Reverse Holo),,EX Delta Species,28,,English,2005-10-31
Slowking,,EX Unseen Forces,14,"$8.96
 $18.49
 $8.99
 $1.99
 $5.95",English,2005-08-22
Slowking (Reverse Holo),,EX Unseen Forces,14,,English,2005-08-22
Dark Slowking,,EX Team Rocket Returns,9,"$22.00
 $30.99
 $39.75
 $0.99
 $1.39",English,2004-11-01
Dark Slowking (Reverse Holo),,EX Team Rocket Returns,9,,English,2004-11-01
Slowking,,Aquapolis,34,"$8.36
 $9.39
 $28.00
 $18.99
 $0.99",English,2003-01-15
Slowking (Reverse Holo),,Aquapolis,34,,English,2003-01-15
Dark Slowking,,Neo Destiny,20,"$11.30
 $19.99
 $9.90
 $15.99
 $0.99",English,2002-02-28
Dark Slowking (First Edition),,Neo Destiny,20,,English,2002-02-28
Slowking,,Southern Islands,14,"$42.79
 $9.99
 $69.99",English,2001-07-31
Slowking,,Neo Genesis,14,"$34.01
 $34.89
 $33.00
 $29.99
 $4.99",English,2000-12-16
Slowking (First Edition),,Neo Genesis,14,,English,2000-12-16
Galarian Slowking V,https://den-cards.pokellector.com/308/Galarian-Slowking-V.S5A.80.37927.thumb.png,Matchless Fighter,80,"$52.19
 $22.67
 $20.95",Japanese,2021-03-19
Will's Slowking,https://den-cards.pokellector.com/276/Wills-Slowking.VS.77.27774.thumb.png,Pokemon VS,77,,Japanese,2001-08-19
Will's Slowking (First Edition),,Pokemon VS,77,,Japanese,2001-08-19
Slowking,https://den-cards.pokellector.com/401/Slowking.SV7.39.53684.thumb.png,Stella Miracle,39,$3.43,Japanese,2024-07-19
Slowking ex,https://den-cards.pokellector.com/369/Slowking-ex.SV2P.30.47544.thumb.png,Snow Hazard,30,"$8.90
 $1.14",Japanese,2023-04-14
Slowking ex,https://den-cards.pokellector.com/369/Slowking-ex.SV2P.86.47605.thumb.png,Snow Hazard,86,$6.19,Japanese,2023-04-14
Galarian Slowking,https://den-cards.pokellector.com/337/Galarian-Slowking.SI.257.42242.thumb.png,Start Deck 100,257,"$3.93
 $0.86",Japanese,2021-12-17
Galarian Slowking V,https://den-cards.pokellector.com/337/Galarian-Slowking-V.SI.258.42243.thumb.png,Start Deck 100,258,"$0.90
 $1.90",Japanese,2021-12-17
Galarian Slowking VMAX,https://den-cards.pokellector.com/337/Galarian-Slowking-VMAX.SI.259.42244.thumb.png,Start Deck 100,259,"$2.90
 $1.81",Japanese,2021-12-17
Galarian Slowking,https://den-cards.pokellector.com/309/Galarian-Slowking.S6H.45.38665.thumb.png,Silver Lance,45,"$0.02
 $0.38
 $0.67
 $0.10",Japanese,2021-04-23
Galarian Slowking VMAX,https://den-cards.pokellector.com/308/Galarian-Slowking-VMAX.S5A.47.37223.thumb.png,Matchless Fighter,47,"$1.90
 $0.76
 $0.95",Japanese,2021-03-19
Galarian Slowking V,https://den-cards.pokellector.com/308/Galarian-Slowking-V.S5A.46.37224.thumb.png,Matchless Fighter,46,"$1.90
 $0.76
 $1.14",Japanese,2021-03-19
Galarian Slowking V,https://den-cards.pokellector.com/308/Galarian-Slowking-V.S5A.79.37926.thumb.png,Matchless Fighter,79,"$7.90
 $4.57",Japanese,2021-03-19
Galarian Slowking VMAX,https://den-cards.pokellector.com/308/Galarian-Slowking-VMAX.S5A.88.37935.thumb.png,Matchless Fighter,88,"$15.24
 $5.52",Japanese,2021-03-19
Slowking,https://den-cards.pokellector.com/258/Slowking.SM8.25.23250.thumb.png,Explosive Impact,25,"$0.62
 $0.48
 $0.29",Japanese,2018-09-07
Slowking,https://den-cards.pokellector.com/212/Slowking.SM2+.23.17485.thumb.png,Strengthening Expansion Pack: Beyond A New Challenge,23,"$0.95
 $0.48
 $231.43",Japanese,2017-04-21
Slowking,https://den-cards.pokellector.com/177/Slowking.XY9.15.thumb.png,Rage of the Broken Sky,15,"$4.25
 $0.48
 $0.29",Japanese,2015-12-11
Slowking,https://den-cards.pokellector.com/20/Slowking.BW4.34.thumb.png,Dark Rush,34,"$14.50
 $1.05
 $0.54",Japanese,2011-12-16
Slowking,https://den-cards.pokellector.com/247/Slowking.L1.39.21767.thumb.png,HeartGold Collection,39,,Japanese,2009-10-09
Dark Slowking,https://den-cards.pokellector.com/333/Dark-Slowking.NEO4.61.39767.thumb.png,Darkness and to Light,61,,Japanese,2001-04-20
Slowking,https://den-cards.pokellector.com/324/Slowking.NEO1.49.38568.thumb.png,"Gold, Silver, to a New World...",49,,Japanese,2000-02-04
